idade,salario,tempo_empresa,cargo,saiu
25,2200,1,Analista,1
42,6700,9,Gerente,0
29,3500,2,Desenvolvedor,1
38,5200,7,Analista,0
23,2100,1,Desenvolvedor,1
45,7800,12,Gerente,0
31,4300,4,Desenvolvedor,0
27,2800,2,Analista,1
36,5100,6,Desenvolvedor,0
24,2300,1,Analista,1
50,8500,15,Gerente,0
33,4700,5,Analista,0
28,3200,2,Desenvolvedor,1
41,6100,8,Gerente,0
26,2600,1,Analista,1
39,5600,7,Desenvolvedor,0
30,3900,3,Desenvolvedor,1
48,8200,14,Gerente,0
35,4900,5,Analista,0
22,2000,1,Analista,1
37,5400,6,Desenvolvedor,0
32,4500,4,Analista,0
27,3000,2,Desenvolvedor,1
44,7000,10,Gerente,0
29,3400,3,Analista,1
34,4800,5,Desenvolvedor,0
46,7600,11,Gerente,0
25,2500,2,Analista,1
40,5900,8,Desenvolvedor,0
31,4100,3,Desenvolvedor,1
